{
  "type": "immersiveengineering:mineral_mix",
  "ores": [
    {
      "chance": 0.5,
      "output": {
        "item": "tfc:red_kaolin_clay"
      }
    },
    {
      "chance": 0.40,
      "output": {
        "item": "tfc:pink_kaolin_clay"
      }
    },
    {
      "chance": 0.25,
      "output": {
        "item": "tfc:white_kaolin_clay"
      }
    },
    {
      "chance": 0.7,
      "output": {
        "item": "tfc:kaolin_clay"
      }
    },
    {
      "chance": 0.1,
      "output": {
        "item": "tfc:powder/kaolinite"
      }
    }
  ],
  "spoils": [
    {
      "chance": 0.5,
      "output": {
        "item": "tfc:rock/loose/marble"
      }
    },
    {
      "chance": 0.2,
      "output": {
        "item": "tfc:rock/gravel/marble"
      }
    },
    {
      "chance": 0.5,
      "output": {
        "item": "tfc:dirt/silt"
      }
    },
    {
      "chance": 0.5,
      "output": {
        "item": "tfc:dirt/sandy_loam"
      }
    },
    {
      "chance": 0.5,
      "output": {
        "item": "tfc:dirt/silty_loam"
      }
    },
    {
      "chance": 0.5,
      "output": {
        "item": "tfc:dirt/loam"
      }
    }
  ],
  "dimensions": [
    "minecraft:overworld"
  ],
  "weight": 20,
  "fail_chance": 0.1
}