{
	"__comment__": "This file was automatically created by mcresources",
	"type": "tfc:disc_vein",
	"config": {
		"rarity": 50,
		"density": 0.75,
		"min_y": -80,
		"max_y": 20,
		"size": 60,
		"height": 5,
		"random_name": "oil_shale_rich",
		"blocks": [
			{
				"replace": ["tfc:rock/raw/shale"],
				"with": [
					{
						"block": "minecraft:red_concrete"
					}
				]
			},
            {
				"replace": ["tfc:rock/raw/phyllite"],
				"with": [
					{
						"block": "minecraft:red_concrete"
					}
				]
			}
            ,
            {
				"replace": ["tfc:rock/raw/slate"],
				"with": [
					{
						"block": "minecraft:red_concrete"
					}
				]
			}
            ,
            {
				"replace": ["tfc:rock/raw/claystone"],
				"with": [
					{
						"block": "minecraft:red_concrete"
					}
				]
			},
            {
				"replace": ["tfc:rock/raw/conglomerate"],
				"with": [
					{
						"block": "minecraft:red_concrete"
					}
				]
			}

		]
	}
}
