{
  "type": "minecraft:entity",
  "pools": [
    {
      "bonus_rolls": 0.0,
      "conditions": [
        {
          "condition": "minecraft:random_chance",
          "chance": 1
        }
      ],
      "entries": [
        {
          "type": "minecraft:item",
          "weight": 38,
          "expand": true,
          "name": "immersiveengineering:shader_bag_common"
        },
        {
          "type": "minecraft:item",
          "weight": 22,
          "expand": true,
          "name": "immersiveengineering:shader_bag_uncommon"
        },
        {
          "type": "minecraft:item",
          "weight": 18,
          "expand": true,
          "name": "immersiveengineering:shader_bag_rare"
        },
        {
          "type": "minecraft:item",
          "weight": 12,
          "expand": true,
          "name": "immersiveengineering:shader_bag_epic"
        },
        {
          "type": "minecraft:item",
          "weight": 6,
          "expand": true,
          "name": "immersiveengineering:shader_bag_ie_masterwork"
        }

      ],
      "rolls": 1.0
    },
    {
      "bonus_rolls": 0.0,
      "conditions": [
        {
          "condition": "minecraft:entity_properties",
          "entity": "this",
          "predicate": {
            "type_specific": {
              "type": "slime",
              "size": 1
            }
          }
        }
      ],
      "entries": [
        {
          "type": "minecraft:item",
          "conditions": [
            {
              "condition": "minecraft:inverted",
              "term": {
                "condition": "minecraft:damage_source_properties",
                "predicate": {
                  "source_entity": {
                    "type": "minecraft:frog"
                  }
                }
              }
            }
          ],
          "functions": [
            {
              "add": false,
              "count": {
                "type": "minecraft:uniform",
                "max": 2.0,
                "min": 0.0
              },
              "function": "minecraft:set_count"
            },
            {
              "count": {
                "type": "minecraft:uniform",
                "max": 1.0,
                "min": 0.0
              },
              "function": "minecraft:looting_enchant"
            }
          ],
          "name": "tfc:glue"
        },
        {
          "type": "minecraft:item",
          "conditions": [
            {
              "condition": "minecraft:damage_source_properties",
              "predicate": {
                "source_entity": {
                  "type": "minecraft:frog"
                }
              }
            }
          ],
          "functions": [
            {
              "add": false,
              "count": 1.0,
              "function": "minecraft:set_count"
            }
          ],
          "name": "tfc:glue"
        }
      ],
      "rolls": 1.0
    }
  ],
  "random_sequence": "minecraft:entities/slime"
}