{
  "type": "create:sequenced_assembly",
  "ingredient": {
    "tag": "create:sleepers"
  },
  "loops": 1,
  "results": [
    {
      "item": "create:track"
    }
  ],
  "sequence": [
    {
      "type": "create:deploying",
      "ingredients": [
        {
          "item": "create:incomplete_track"
        },
        [
          {
            "tag": "forge:nuggets/iron"
          },
          {
            "tag": "forge:nuggets/zinc"
          }
        ]
      ],
      "results": [
        {
          "item": "create:incomplete_track"
        }
      ]
    },
    {
      "type": "create:deploying",
      "ingredients": [
        {
          "item": "create:incomplete_track"
        },
        [
          {
            "tag": "forge:nuggets/iron"
          },
          {
            "tag": "forge:nuggets/zinc"
          }
        ]
      ],
      "results": [
        {
          "item": "create:incomplete_track"
        }
      ]
    },
    {
      "type": "create:pressing",
      "ingredients": [
        {
          "item": "create:incomplete_track"
        }
      ],
      "results": [
        {
          "item": "create:incomplete_track"
        }
      ]
    }
  ],
  "transitionalItem": {
    "item": "create:incomplete_track"
  }
}