{
  "type": "immersiveengineering:arc_furnace",
  "results": [
    {
      "item": "create:andesite_alloy",
        "count": 10
    }
  ],
  "additives": [
    {
      "count": 6,
      "base_ingredient": {
        "tag": "tfc:magma"
      }
    },
    {
      "count": 2,
        "base_ingredient": {
        "tag": "forge:ingots/zinc"
      }
    }
  ],
  "input": {
    "count": 5,
      "base_ingredient": {
      "tag": "forge:ingots/cast_iron"
    }
  },
  "slag": {
    "tag": "forge:slag"
  },
  "time": 200,
  "energy": 51200
}